{
  "performance": {
    "fp32": {
      "gpu": {
        "accuracies": [
          89.35,
          89.35,
          89.35,
          89.35,
          89.35
        ],
        "times": [
          5.9390857219696045,
          5.761887311935425,
          5.477313756942749,
          5.37652063369751,
          5.121048927307129
        ],
        "memories": [
          9635840,
          0,
          0,
          0,
          0
        ],
        "throughputs": [
          336.7521692104372,
          347.1084892370444,
          365.14249297201707,
          371.9877847143258,
          390.5449895890152
        ],
        "per_image_times": [
          0.002969542860984802,
          0.0028809436559677124,
          0.0027386568784713745,
          0.0026882603168487547,
          0.0025605244636535645
        ],
        "accuracy": 89.35,
        "accuracy_std": 0.0,
        "time": 5.535171270370483,
        "time_std": 0.2879450916805348,
        "memory": 1927168.0,
        "memory_std": 3854336.0,
        "throughput": 362.30718514456794,
        "throughput_std": 18.88483928992928,
        "per_image_time": 0.0027675856351852416,
        "per_image_time_std": 0.00014397254584026735
      },
      "cpu": {
        "accuracies": [
          89.35,
          89.35,
          89.35,
          89.35,
          89.35
        ],
        "times": [
          10.745631456375122,
          10.520172119140625,
          10.509570360183716,
          10.428648948669434,
          10.412307977676392
        ],
        "memories": [
          63422464,
          4554752,
          196608,
          212992,
          -262144
        ],
        "throughputs": [
          186.12214722974224,
          190.11095801000798,
          190.30273659684013,
          191.77939633831238,
          192.0803729862704
        ],
        "per_image_times": [
          0.005372815728187561,
          0.005260086059570313,
          0.005254785180091858,
          0.005214324474334717,
          0.005206153988838196
        ],
        "accuracy": 89.35,
        "accuracy_std": 0.0,
        "time": 10.523266172409057,
        "time_std": 0.11908619395880828,
        "memory": 13624934.4,
        "memory_std": 24960421.70463371,
        "throughput": 190.07912223223462,
        "throughput_std": 2.1262457377961375,
        "per_image_time": 0.005261633086204529,
        "per_image_time_std": 5.954309697940409e-05
      }
    },
    "fp16": {
      "gpu": {
        "accuracies": [
          89.35,
          89.35,
          89.35,
          89.35,
          89.35
        ],
        "times": [
          9.423749685287476,
          6.044611692428589,
          6.074844837188721,
          6.070852994918823,
          6.081434011459351
        ],
        "memories": [
          4818944,
          0,
          0,
          0,
          0
        ],
        "throughputs": [
          212.22974577969057,
          330.8731977779775,
          329.22651583732426,
          329.44299617763073,
          328.86980212748597
        ],
        "per_image_times": [
          0.004711874842643738,
          0.0030223058462142943,
          0.0030374224185943603,
          0.0030354264974594117,
          0.0030407170057296755
        ],
        "accuracy": 89.35,
        "accuracy_std": 0.0,
        "time": 6.739098644256591,
        "time_std": 1.3423838106639179,
        "memory": 963788.8,
        "memory_std": 1927577.6,
        "throughput": 306.1284515400218,
        "throughput_std": 46.954290543739276,
        "per_image_time": 0.0033695493221282957,
        "per_image_time_std": 0.0006711919053319592
      },
      "cpu": {
        "accuracies": [
          89.3,
          89.3,
          89.3,
          89.3,
          89.3
        ],
        "times": [
          22.08310627937317,
          22.040061950683594,
          21.9263916015625,
          21.860687017440796,
          21.800287008285522
        ],
        "memories": [
          26988544,
          0,
          0,
          0,
          0
        ],
        "throughputs": [
          90.5669689172356,
          90.74384656790713,
          91.21427895401985,
          91.48843302154086,
          91.74191143629761
        ],
        "per_image_times": [
          0.011041553139686584,
          0.011020030975341797,
          0.01096319580078125,
          0.010930343508720398,
          0.010900143504142762
        ],
        "accuracy": 89.3,
        "accuracy_std": 0.0,
        "time": 21.942106771469117,
        "time_std": 0.10626859037815647,
        "memory": 5397708.8,
        "memory_std": 10795417.6,
        "throughput": 91.1510877794002,
        "throughput_std": 0.441340634877233,
        "per_image_time": 0.01097105338573456,
        "per_image_time_std": 5.313429518907815e-05
      }
    }
  },
  "statistical": {
    "fp32_gpu": {
      "mean_accuracy": 89.35,
      "std_accuracy": 0.0,
      "mean_time": 5.535171270370483,
      "std_time": 0.2879450916805348,
      "mean_memory": 1927168.0,
      "std_memory": 3854336.0,
      "accuracy_ci_lower": NaN,
      "accuracy_ci_upper": NaN,
      "time_ci_lower": 5.135439400189408,
      "time_ci_upper": 5.934903140551559
    },
    "fp32_cpu": {
      "mean_accuracy": 89.35,
      "std_accuracy": 0.0,
      "mean_time": 10.523266172409057,
      "std_time": 0.11908619395880828,
      "mean_memory": 13624934.4,
      "std_memory": 24960421.70463371,
      "accuracy_ci_lower": NaN,
      "accuracy_ci_upper": NaN,
      "time_ci_lower": 10.357948032252272,
      "time_ci_upper": 10.688584312565842
    },
    "fp16_gpu": {
      "mean_accuracy": 89.35,
      "std_accuracy": 0.0,
      "mean_time": 6.739098644256591,
      "std_time": 1.3423838106639179,
      "mean_memory": 963788.8,
      "std_memory": 1927577.6,
      "accuracy_ci_lower": NaN,
      "accuracy_ci_upper": NaN,
      "time_ci_lower": 4.87557116404929,
      "time_ci_upper": 8.602626124463892
    },
    "fp16_cpu": {
      "mean_accuracy": 89.3,
      "std_accuracy": 0.0,
      "mean_time": 21.942106771469117,
      "std_time": 0.10626859037815647,
      "mean_memory": 5397708.8,
      "std_memory": 10795417.6,
      "accuracy_ci_lower": NaN,
      "accuracy_ci_upper": NaN,
      "time_ci_lower": 21.794582317673267,
      "time_ci_upper": 22.089631225264966
    }
  },
  "layer_analysis": {
    "fp32": {
      "total_layers": 88,
      "total_parameters": 1519906,
      "total_memory_mb": 5.797981262207031,
      "quantizable_layers": "88",
      "quantized_layers": "0",
      "quantization_coverage": 0.0,
      "layer_type_distribution": {
        "Conv2d": 52,
        "BatchNorm2d": 34,
        "Linear": 2
      },
      "memory_by_type": {
        "BatchNorm2d": 48448,
        "Conv2d": 3659584,
        "Linear": 2371592
      }
    },
    "fp16": {
      "total_layers": 88,
      "total_parameters": 1519906,
      "total_memory_mb": 2.8989906311035156,
      "quantizable_layers": "88",
      "quantized_layers": "88",
      "quantization_coverage": 100.0,
      "layer_type_distribution": {
        "Conv2d": 52,
        "BatchNorm2d": 34,
        "Linear": 2
      },
      "memory_by_type": {
        "BatchNorm2d": 24224,
        "Conv2d": 1829792,
        "Linear": 1185796
      }
    }
  },
  "matrices": {
    "accuracy": {
      "GPU": {
        "FP32": 89.35,
        "FP16": 89.35
      },
      "CPU": {
        "FP32": 89.35,
        "FP16": 89.3
      }
    },
    "time": {
      "GPU": {
        "FP32": 5.535171270370483,
        "FP16": 6.739098644256591
      },
      "CPU": {
        "FP32": 10.523266172409057,
        "FP16": 21.942106771469117
      }
    },
    "memory": {
      "GPU": {
        "FP32": 1.927168,
        "FP16": 0.9637888
      },
      "CPU": {
        "FP32": 13.6249344,
        "FP16": 5.3977088
      }
    },
    "throughput": {
      "GPU": {
        "FP32": 362.30718514456794,
        "FP16": 306.1284515400218
      },